cell_line,layer,region,baseline,combined,n,delta_MAE_pp,delta_macro_exon_MAE_pp,delta_RMSE_pp,delta_spearman
MDA_MB_231,norm,assayed_exon,scalar_matched7,scalar_plus_signed,193,0.12478739572787134,0.5109499435794884,0.3744718202793784,-0.04174538371526143
MDA_MB_231,norm,assayed_exon,scalar_matched7,scalar_plus_REF,193,-1.6332792666899607,0.545377268384053,-1.4773227871649297,0.037825076867241125
MDA_MB_231,norm,assayed_exon,scalar_plus_REF,scalar_plus_signed,193,1.758066662417832,-0.03442732480456456,1.8517946074443081,-0.07957046058250256
MDA_MB_231,norm,assayed_exon,scalar_matched7,scalar_plus_unit_direction,193,-0.24249305008627076,1.6812757118428596,1.453528677384739,0.004613893177742412
MDA_MB_231,norm,assayed_exon,scalar_matched7,exact_duplicate_scalar_control,193,0.0,0.0,0.0,0.0
MDA_MB_231,norm,assayed_exon,SpliceAI_only,scalar_matched7,193,5.818323698167564,3.2020073569072185,5.476065907635412,-0.1013010622386673
MDA_MB_231,norm,assayed_exon,scalar_common5,scalar_matched7,193,4.3345030775686375,2.0924659147551843,4.310787762489635,-0.05502535013187859
HS578T,norm,assayed_exon,scalar_matched7,scalar_plus_signed,191,1.3580736701447478,1.6721192477627564,2.2121778386633295,-0.02678645625012105
HS578T,norm,assayed_exon,scalar_matched7,scalar_plus_REF,191,0.984792393833871,2.4537792019114786,1.6005536588742721,0.013989133343509819
HS578T,norm,assayed_exon,scalar_plus_REF,scalar_plus_signed,191,0.3732812763108768,-0.7816599541487221,0.6116241797890574,-0.04077558959363087
HS578T,norm,assayed_exon,scalar_matched7,scalar_plus_unit_direction,191,1.2467895800984223,1.753131811059239,1.996583935034021,-0.014255223968511088
HS578T,norm,assayed_exon,scalar_matched7,exact_duplicate_scalar_control,191,0.0,0.0,0.0,0.0
HS578T,norm,assayed_exon,SpliceAI_only,scalar_matched7,191,3.8409882955841805,2.3089257357884687,2.922064482025572,-0.04349486330837338
HS578T,norm,assayed_exon,scalar_common5,scalar_matched7,191,2.50710780178569,1.090310897539478,1.294644302701407,-0.0539767846786422
