cell_line,layer,region,model,n,exons,MAE_pp,macro_exon_MAE_pp,RMSE_pp,spearman,spearman_defined
HS578T,norm,assayed_exon,SpliceAI_only,191,12,11.605112697905495,12.154657362503002,18.45824710257336,0.5603444709563419,True
HS578T,norm,assayed_exon,exact_duplicate_scalar_control,191,12,15.446100993489676,14.46358309829147,21.38031158459893,0.5168496076479685,True
HS578T,norm,assayed_exon,scalar_common5,191,12,12.938993191703986,13.373272200751993,20.085667281897525,0.5708263923266107,True
HS578T,norm,assayed_exon,scalar_matched7,191,12,15.446100993489676,14.46358309829147,21.38031158459893,0.5168496076479685,True
HS578T,norm,assayed_exon,scalar_plus_REF,191,12,16.430893387323547,16.91736230020295,22.980865243473204,0.5308387409914783,True
HS578T,norm,assayed_exon,scalar_plus_signed,191,12,16.804174663634424,16.135702346054227,23.59248942326226,0.49006315139784745,True
HS578T,norm,assayed_exon,scalar_plus_unit_direction,191,12,16.692890573588098,16.21671490935071,23.376895519632953,0.5025943836794574,True
MDA_MB_231,norm,assayed_exon,SpliceAI_only,193,12,12.168736366266263,12.662780342674928,19.02371979069531,0.5440311549981467,True
MDA_MB_231,norm,assayed_exon,exact_duplicate_scalar_control,193,12,17.987060064433827,15.864787699582147,24.499785698330722,0.4427300927594794,True
MDA_MB_231,norm,assayed_exon,scalar_common5,193,12,13.65255698686519,13.772321784826962,20.188997935841087,0.497755442891358,True
MDA_MB_231,norm,assayed_exon,scalar_matched7,193,12,17.987060064433827,15.864787699582147,24.499785698330722,0.4427300927594794,True
MDA_MB_231,norm,assayed_exon,scalar_plus_REF,193,12,16.353780797743866,16.4101649679662,23.022462911165793,0.4805551696267205,True
MDA_MB_231,norm,assayed_exon,scalar_plus_signed,193,12,18.111847460161698,16.375737643161635,24.8742575186101,0.40098470904421796,True
MDA_MB_231,norm,assayed_exon,scalar_plus_unit_direction,193,12,17.744567014347556,17.546063411425006,25.95331437571546,0.4473439859372218,True
