cell_line,model,layer,region,n,MAE_pp,macro_exon_MAE_pp,RMSE_pp,spearman,spearman_defined
HS578T,REF_only,norm,assayed_exon,191,26.555967419440986,26.13581524075021,33.095832422088264,0.017999689121969826,True
HS578T,evo2_scalar6,norm,assayed_exon,191,22.841517609011596,20.831272862383546,30.69750113829014,0.3299609863485796,True
HS578T,evo2_scalar6_exact_duplicate,norm,assayed_exon,191,22.841517609011596,20.831272862383546,30.69750113829014,0.3299609863485796,True
HS578T,evo2_scalar6_plus_REF,norm,assayed_exon,191,20.48576295942487,20.44506546966639,28.690209425520685,0.4507385737884462,True
HS578T,evo2_scalar6_plus_signed,norm,assayed_exon,191,20.422078234790295,18.084790411785274,27.99051945873457,0.3967066764884446,True
HS578T,evo2_scalar6_plus_unit_direction,norm,assayed_exon,191,25.372127767832087,22.073738273279876,33.65018636916622,0.30876932230115367,True
HS578T,evo2_sequence2,norm,assayed_exon,191,23.370030082503543,23.015150226027913,31.36878286263314,0.3363075491520064,True
HS578T,signed_only,norm,assayed_exon,191,23.55004481183047,20.448802012839742,31.9652014336215,0.3251334651713733,True
MDA_MB_231,REF_only,norm,assayed_exon,193,26.784695208666104,26.461423778383857,33.35718533967456,-0.07289646066978742,True
MDA_MB_231,evo2_scalar6,norm,assayed_exon,193,23.3610530067803,20.812098177787185,31.316425105064503,0.25807087021670716,True
MDA_MB_231,evo2_scalar6_exact_duplicate,norm,assayed_exon,193,23.3610530067803,20.812098177787185,31.316425105064503,0.25807087021670716,True
MDA_MB_231,evo2_scalar6_plus_REF,norm,assayed_exon,193,23.184513161509027,21.248825650234448,31.095338791492907,0.2663037649897266,True
MDA_MB_231,evo2_scalar6_plus_signed,norm,assayed_exon,193,21.389560033771176,18.302735848468323,28.88672291744038,0.32332557541125057,True
MDA_MB_231,evo2_scalar6_plus_unit_direction,norm,assayed_exon,193,25.51461195542403,22.150816350495273,34.0405216402963,0.21539653152553634,True
MDA_MB_231,evo2_sequence2,norm,assayed_exon,193,24.148889477743616,22.789789317120565,32.382118403785384,0.24520071232944446,True
MDA_MB_231,signed_only,norm,assayed_exon,193,23.09529276163706,20.14147871800438,31.64332537013088,0.27142762356754147,True
