cell_line,layer,region,model,n,MAE_pp,macro_exon_MAE_pp,RMSE_pp,spearman,spearman_defined
MDA_MB_231,norm,assayed_exon,evo2_scalar6,193,25.53109055342894,22.553192707217104,32.53200341189153,0.2798825327373191,True
MDA_MB_231,norm,assayed_exon,evo2_sequence2,193,20.988424980529583,21.922386350211728,31.068924772596336,0.22959961043393773,True
MDA_MB_231,norm,assayed_exon,signed_only,193,22.69622411122629,22.834342691272195,32.65857597430016,0.04081726337994129,True
MDA_MB_231,norm,assayed_exon,REF_only,193,23.675734654215937,24.5626426084808,32.61588096346819,0.04240307461084217,True
MDA_MB_231,norm,assayed_exon,evo2_scalar6_plus_signed,193,23.034171139941243,20.40154992546793,30.50263498274968,0.2799125797985345,True
MDA_MB_231,norm,assayed_exon,evo2_scalar6_plus_REF,193,21.82446322569085,21.41171715810184,31.548977127173096,0.3059425158575528,True
MDA_MB_231,norm,assayed_exon,evo2_scalar6_plus_unit_direction,193,21.12923188495,20.693627686522795,30.999310455845535,0.241923078735198,True
MDA_MB_231,norm,assayed_exon,evo2_scalar6_exact_duplicate,193,25.53109055342894,22.553192707217104,32.53200341189153,0.2798825327373191,True
HS578T,norm,assayed_exon,evo2_scalar6,191,23.73586947042263,22.099048864635122,31.298182524771264,0.3315687248498005,True
HS578T,norm,assayed_exon,evo2_sequence2,191,21.023341945908406,22.3770203737091,31.85801976109942,0.27495686796240854,True
HS578T,norm,assayed_exon,signed_only,191,22.679316512744062,23.193908362460945,33.111795310250294,0.013200333950302416,True
HS578T,norm,assayed_exon,REF_only,191,24.72586190795298,26.23580506237506,34.803350428403334,0.11854817148572164,True
HS578T,norm,assayed_exon,evo2_scalar6_plus_signed,191,21.81702911205808,20.167161922794005,29.440209817270656,0.3211033547344619,True
HS578T,norm,assayed_exon,evo2_scalar6_plus_REF,191,22.18903404204662,22.27046526725545,32.18414901234696,0.3636735490611107,True
HS578T,norm,assayed_exon,evo2_scalar6_plus_unit_direction,191,21.080817404960115,21.10925218763806,31.247855474069112,0.35181744639115414,True
HS578T,norm,assayed_exon,evo2_scalar6_exact_duplicate,191,23.73586947042263,22.099048864635122,31.298182524771264,0.3315687248498005,True
