dataset,group,metric,n,median,p90,p99,maximum
ClinVar,other_snv,mean_relative_l2,8046,0.0037404964677989483,0.004202875308692455,0.005222567077726126,0.006849160883575678
ClinVar,other_snv,nearest_site_mean_relative_l2,8046,0.004847415955737233,0.02890483196824789,0.22414501532912265,0.410049170255661
ClinVar,other_snv,delta_score,8046,-0.00010076165199279785,4.655122756958008e-05,0.0001806467771530152,0.0008162260055541992
ClinVar,splice_dinucleotide,mean_relative_l2,233,0.004548017866909504,0.005504817143082619,0.006432876661419868,0.006458360701799393
ClinVar,splice_dinucleotide,nearest_site_mean_relative_l2,233,0.061884187161922455,0.18241216838359833,0.23842325508594514,0.2405032366514206
ClinVar,splice_dinucleotide,delta_score,233,-0.001321554183959961,-0.00017821788787841783,-1.0304450988769517e-05,4.607439041137695e-05
ClinVar,splice_nearby_20bp,mean_relative_l2,3353,0.003729187650606036,0.004267653077840805,0.0054390404187142855,0.0065552894957363605
ClinVar,splice_nearby_20bp,nearest_site_mean_relative_l2,3353,0.02266792580485344,0.09345564991235734,0.2168914806842804,0.34473100304603577
ClinVar,splice_nearby_20bp,delta_score,3353,-0.00013005733489990234,3.17692756652832e-05,0.0001636457443237305,0.0012187957763671875
splice_nonoverlap,splice_dinucleotide,mean_relative_l2,31,0.004103471525013447,0.00441612908616662,0.0050422285683453085,0.005087428260594606
splice_nonoverlap,splice_dinucleotide,nearest_site_mean_relative_l2,31,0.03165993466973305,0.05354292318224907,0.07172213941812514,0.07765048742294312
splice_nonoverlap,splice_dinucleotide,delta_score,31,-0.0005179643630981445,-9.02414321899414e-05,9.883642196655272e-05,0.00010609626770019531
splice_nonoverlap,splice_nearby_20bp,mean_relative_l2,1792,0.0037307372549548745,0.003945273859426379,0.004498054515570398,0.005343782715499401
splice_nonoverlap,splice_nearby_20bp,nearest_site_mean_relative_l2,1792,0.015580850653350353,0.04740732461214066,0.12797249898314414,0.2459295392036438
splice_nonoverlap,splice_nearby_20bp,delta_score,1792,-6.529688835144043e-05,6.031990051269531e-05,0.00023730993270873994,0.0009743571281433105
