cell_line,layer,region,model,n,MAE_pp,macro_exon_MAE_pp,RMSE_pp,spearman
HS578T,norm,assayed_exon,scalar_matched7,191,12.17414692718896,12.310275099046342,17.995214433981744,0.5722575982125395
HS578T,norm,assayed_exon,scalar_plus_signed,191,12.897836319393823,12.904618092300423,18.652983745069076,0.5680483717562098
HS578T,norm,assayed_exon,scalar_plus_REF,191,13.378879001486975,14.501334233615646,18.962282344670196,0.5684987452088818
HS578T,norm,assayed_exon,SpliceAI_only,191,11.186011760034964,11.52278962510668,18.356269370580094,0.5668424629453335
HS578T,norm,assayed_exon,scalar_common5,191,11.888931454189088,12.095729272327068,18.369824074625907,0.5910148344383525
HS578T,norm,assayed_exon,scalar_plus_unit_direction,191,14.340455789628432,13.740541984462412,20.07208886511768,0.5607752280061769
HS578T,norm,assayed_exon,exact_duplicate_scalar_control,191,12.17414692718896,12.310275099046342,17.995214433981744,0.5722575982125395
MDA_MB_231,norm,assayed_exon,scalar_matched7,193,13.422033084121063,13.237234042391426,19.760235085908672,0.5361605949681741
MDA_MB_231,norm,assayed_exon,scalar_plus_signed,193,14.194854330914653,13.877791324357814,20.51913953260713,0.5139499742458689
MDA_MB_231,norm,assayed_exon,scalar_plus_REF,193,14.172434225482366,14.160182053108114,20.01435609777859,0.5500081169855267
MDA_MB_231,norm,assayed_exon,SpliceAI_only,193,11.898528146590488,12.331326926705389,19.117255977348538,0.5697932301396679
MDA_MB_231,norm,assayed_exon,scalar_common5,193,12.819405106431994,12.667844862490576,19.476178818947083,0.5550359918955701
MDA_MB_231,norm,assayed_exon,scalar_plus_unit_direction,193,15.22018474872073,14.13679209664375,21.477427339994005,0.504192191116168
MDA_MB_231,norm,assayed_exon,exact_duplicate_scalar_control,193,13.422033084121063,13.237234042391426,19.760235085908672,0.5361605949681741
HS578T,blocks.0,assayed_exon,scalar_matched7,191,11.749593718318593,12.799400088318931,17.81244490359896,0.6050573581338042
HS578T,blocks.0,assayed_exon,scalar_plus_signed,191,13.013146476657326,13.517362834787157,18.813094264453206,0.5820822841045743
HS578T,blocks.0,assayed_exon,scalar_plus_REF,191,13.05054339244188,14.062145969320087,18.654384037823622,0.5876004353181914
MDA_MB_231,blocks.0,assayed_exon,scalar_matched7,193,12.417882469921016,13.420539900050656,18.62111002341377,0.5751307987239577
MDA_MB_231,blocks.0,assayed_exon,scalar_plus_signed,193,13.314372066359514,14.193782598208822,19.146620484660414,0.5528567453168644
MDA_MB_231,blocks.0,assayed_exon,scalar_plus_REF,193,12.948968105488962,13.811724614130009,18.93000769128768,0.5646677442962842
HS578T,blocks.7,assayed_exon,scalar_matched7,191,11.348213496364933,11.972056536902615,17.122629614970503,0.5893442331033935
HS578T,blocks.7,assayed_exon,scalar_plus_signed,191,12.363776935078922,13.075429179720691,18.21355886862517,0.59297391590074
HS578T,blocks.7,assayed_exon,scalar_plus_REF,191,11.67214478456454,11.836183108330992,17.65088300859304,0.5795272974237374
MDA_MB_231,blocks.7,assayed_exon,scalar_matched7,193,12.349688121517685,12.573402022291324,18.516035052438717,0.5389416174117773
MDA_MB_231,blocks.7,assayed_exon,scalar_plus_signed,193,12.54787482395783,13.009199398555845,18.542307859558306,0.5634616886447217
MDA_MB_231,blocks.7,assayed_exon,scalar_plus_REF,193,12.468730445011566,12.579056008520048,18.7704262273468,0.522830550116198
HS578T,blocks.14,assayed_exon,scalar_matched7,191,12.686890600778002,12.3840612321381,18.730284500771607,0.5659299803727051
HS578T,blocks.14,assayed_exon,scalar_plus_signed,191,13.262534348033952,13.197190798576434,19.809029544946586,0.5769456155669296
HS578T,blocks.14,assayed_exon,scalar_plus_REF,191,14.029184479912065,12.972060916687363,20.182189574762162,0.5357093189041218
MDA_MB_231,blocks.14,assayed_exon,scalar_matched7,193,13.734621118338707,13.131227594045036,20.210498505740564,0.5152753835017037
MDA_MB_231,blocks.14,assayed_exon,scalar_plus_signed,193,13.146347195554872,12.89695560137948,19.415906312853444,0.5562053233612028
MDA_MB_231,blocks.14,assayed_exon,scalar_plus_REF,193,14.345840538291753,13.30527324848908,20.724229186138476,0.5042631355662598
HS578T,blocks.21,assayed_exon,scalar_matched7,191,13.654398667843378,12.612343728015773,20.20035483754197,0.5579610397780088
HS578T,blocks.21,assayed_exon,scalar_plus_signed,191,13.724753876426167,12.907046150302136,19.811431570522135,0.5822260936009341
HS578T,blocks.21,assayed_exon,scalar_plus_REF,191,14.404273693153652,13.022131197873625,20.86586317068478,0.5433760012160497
MDA_MB_231,blocks.21,assayed_exon,scalar_matched7,193,14.109831533430272,13.090917826471214,20.94087399567739,0.5139132500599389
MDA_MB_231,blocks.21,assayed_exon,scalar_plus_signed,193,13.482564078859218,12.880378258523812,19.89768171259969,0.5486284560913862
MDA_MB_231,blocks.21,assayed_exon,scalar_plus_REF,193,14.194604098318365,13.175367810490007,20.929166947562347,0.5107833478500015
HS578T,blocks.28,assayed_exon,scalar_matched7,191,12.954867317454157,12.420530974704322,19.49251350923551,0.5721499563739467
HS578T,blocks.28,assayed_exon,scalar_plus_signed,191,13.873200433512103,12.928917364050685,19.976673361865284,0.5757417492441087
HS578T,blocks.28,assayed_exon,scalar_plus_REF,191,13.348946638633858,12.875416393542332,19.445580056685806,0.5633112697234214
MDA_MB_231,blocks.28,assayed_exon,scalar_matched7,193,13.86687975910476,13.123921074036986,20.8235202391178,0.533049889491791
MDA_MB_231,blocks.28,assayed_exon,scalar_plus_signed,193,14.649005409504008,13.270373220194012,21.554091190945915,0.5242227306191781
MDA_MB_231,blocks.28,assayed_exon,scalar_plus_REF,193,15.325927021059748,14.536996445662572,21.411569944078874,0.5204393048278058
HS578T,norm,variant_pm20,scalar_matched7,191,13.176256798424562,12.234107455237407,19.199400505349303,0.5763583216955678
HS578T,norm,variant_pm20,scalar_plus_signed,191,14.34766208457229,13.418524844248395,20.67749105819191,0.5503253583155957
HS578T,norm,variant_pm20,scalar_plus_REF,191,13.826150199372375,13.291809466468365,19.677637379274575,0.5601939620777763
MDA_MB_231,norm,variant_pm20,scalar_matched7,193,13.839606217964276,12.944897991259444,20.383023687324574,0.5390793331090145
MDA_MB_231,norm,variant_pm20,scalar_plus_signed,193,14.705187080381648,13.689795521884948,21.415092448306265,0.4905032508107856
MDA_MB_231,norm,variant_pm20,scalar_plus_REF,193,14.798591575173045,14.03900186825422,20.98036097121133,0.5153338083429558
HS578T,norm,donor_pm20,scalar_matched7,191,12.34686687430385,12.283807991816753,18.261981891382405,0.5792646513375712
HS578T,norm,donor_pm20,scalar_plus_signed,191,14.063481124676986,14.049775429202766,20.59271768527785,0.5498620678422925
HS578T,norm,donor_pm20,scalar_plus_REF,191,14.356050438746452,14.23323301084634,20.143475121538362,0.5558288702391643
MDA_MB_231,norm,donor_pm20,scalar_matched7,193,13.369705928194312,12.969348010021756,19.64097032355921,0.5474190618774664
MDA_MB_231,norm,donor_pm20,scalar_plus_signed,193,13.989439660991932,13.659254910880405,20.869929216928014,0.5245223665907428
MDA_MB_231,norm,donor_pm20,scalar_plus_REF,193,14.170523673685894,13.597379048588285,20.518766110055072,0.5455277663020749
HS578T,norm,acceptor_pm20,scalar_matched7,191,12.29550155204762,12.24155524113939,18.15443880389163,0.5636075000632286
HS578T,norm,acceptor_pm20,scalar_plus_signed,191,14.563924732224379,13.294662069421463,20.656170621173636,0.5587420889588376
HS578T,norm,acceptor_pm20,scalar_plus_REF,191,13.421023209441975,13.676341091903938,18.976931800087776,0.5438530698446926
MDA_MB_231,norm,acceptor_pm20,scalar_matched7,193,13.756620271141651,13.336365889859046,19.979988592985382,0.512640423161231
MDA_MB_231,norm,acceptor_pm20,scalar_plus_signed,193,15.72084415768176,13.952766114480426,22.42356613009558,0.4895692879913403
MDA_MB_231,norm,acceptor_pm20,scalar_plus_REF,193,14.513182115056296,14.751137669140647,20.429327381866397,0.510576356983851
HS578T,norm,whole_32k,scalar_matched7,191,11.935864475812028,12.076617799826154,18.137320177894953,0.5752147348023587
HS578T,norm,whole_32k,scalar_plus_signed,191,13.482236971676622,12.659547088307214,19.72920793952543,0.5528295380486167
HS578T,norm,whole_32k,scalar_plus_REF,191,12.522456165845576,12.723571011639825,19.03491249507618,0.545455641537661
MDA_MB_231,norm,whole_32k,scalar_matched7,193,12.630395492731505,12.52151291744657,19.022169573207687,0.5453808695583552
MDA_MB_231,norm,whole_32k,scalar_plus_signed,193,15.077554044494143,13.677350251650966,21.98756303133254,0.5063113435724429
MDA_MB_231,norm,whole_32k,scalar_plus_REF,193,13.101499934292855,12.934431914071299,19.85018835088434,0.5182709085767612
