cell_line,layer,region,baseline,combined,weighting,delta_MAE_pp,ci_low,ci_high,n,bootstrap_draws
HS578T,norm,assayed_exon,scalar_matched7,scalar_plus_signed,macro_exon,0.5943429932540829,-0.14509578035164053,1.266441290025044,191,5000
HS578T,norm,assayed_exon,scalar_matched7,scalar_plus_signed,variant_weighted,0.7236893922048634,-0.11845546577502054,1.21790373743358,191,5000
HS578T,norm,assayed_exon,scalar_matched7,scalar_plus_REF,macro_exon,2.1910591345693065,0.005863600581598243,5.193668003923406,191,5000
HS578T,norm,assayed_exon,scalar_matched7,scalar_plus_REF,variant_weighted,1.2047320742980139,0.026611640815258103,3.6156631305951223,191,5000
HS578T,norm,assayed_exon,scalar_plus_REF,scalar_plus_signed,macro_exon,-1.5967161413152242,-4.489729725181801,0.7187526586795983,191,5000
HS578T,norm,assayed_exon,scalar_plus_REF,scalar_plus_signed,variant_weighted,-0.4810426820931507,-3.179877438205468,0.824567867675373,191,5000
HS578T,norm,assayed_exon,scalar_matched7,scalar_plus_unit_direction,macro_exon,1.430266885416076,0.42829568561843456,2.5307659893949253,191,5000
HS578T,norm,assayed_exon,scalar_matched7,scalar_plus_unit_direction,variant_weighted,2.1663088624394686,0.594872101838371,3.1717408244908256,191,5000
HS578T,norm,assayed_exon,scalar_matched7,exact_duplicate_scalar_control,macro_exon,0.0,0.0,0.0,191,5000
HS578T,norm,assayed_exon,scalar_matched7,exact_duplicate_scalar_control,variant_weighted,0.0,0.0,0.0,191,5000
HS578T,norm,assayed_exon,SpliceAI_only,scalar_matched7,macro_exon,0.7874854739396607,-0.899663619612042,2.3761763267822036,191,5000
HS578T,norm,assayed_exon,SpliceAI_only,scalar_matched7,variant_weighted,0.9881351671539992,-0.740739094953636,2.095415330094791,191,5000
HS578T,norm,assayed_exon,scalar_common5,scalar_matched7,macro_exon,0.21454582671927233,-0.8595164546048996,1.411967046887563,191,5000
HS578T,norm,assayed_exon,scalar_common5,scalar_matched7,variant_weighted,0.2852154729998734,-0.8953247207981954,1.0766544125863429,191,5000
MDA_MB_231,norm,assayed_exon,scalar_matched7,scalar_plus_signed,macro_exon,0.6405572819663893,0.14342398031848713,1.1032661643511483,193,5000
MDA_MB_231,norm,assayed_exon,scalar_matched7,scalar_plus_signed,variant_weighted,0.7728212467935929,0.24315567233499016,1.0885795718473987,193,5000
MDA_MB_231,norm,assayed_exon,scalar_matched7,scalar_plus_REF,macro_exon,0.92294801071669,-0.20048707253785233,2.169096857038411,193,5000
MDA_MB_231,norm,assayed_exon,scalar_matched7,scalar_plus_REF,variant_weighted,0.7504011413613041,-0.20286508171671316,2.2715765138565502,193,5000
MDA_MB_231,norm,assayed_exon,scalar_plus_REF,scalar_plus_signed,macro_exon,-0.28239072875030097,-1.5880217434100918,0.9488926415901344,193,5000
MDA_MB_231,norm,assayed_exon,scalar_plus_REF,scalar_plus_signed,variant_weighted,0.022420105432288784,-1.6414567660370025,1.060205913177428,193,5000
MDA_MB_231,norm,assayed_exon,scalar_matched7,scalar_plus_unit_direction,macro_exon,0.8995580542523257,-0.014127235315595045,1.761164477434452,193,5000
MDA_MB_231,norm,assayed_exon,scalar_matched7,scalar_plus_unit_direction,variant_weighted,1.7981516645996674,0.1618758157766638,2.781074438640273,193,5000
MDA_MB_231,norm,assayed_exon,scalar_matched7,exact_duplicate_scalar_control,macro_exon,0.0,0.0,0.0,193,5000
MDA_MB_231,norm,assayed_exon,scalar_matched7,exact_duplicate_scalar_control,variant_weighted,0.0,0.0,0.0,193,5000
MDA_MB_231,norm,assayed_exon,SpliceAI_only,scalar_matched7,macro_exon,0.9059071156860354,-0.6562867563965106,2.3093397815647765,193,5000
MDA_MB_231,norm,assayed_exon,SpliceAI_only,scalar_matched7,variant_weighted,1.523504937530574,-0.3455396974419658,2.579967821025091,193,5000
MDA_MB_231,norm,assayed_exon,scalar_common5,scalar_matched7,macro_exon,0.5693891799008473,-0.34256229104720576,1.5094156879898384,193,5000
MDA_MB_231,norm,assayed_exon,scalar_common5,scalar_matched7,variant_weighted,0.6026279776890658,-0.3013442815671643,1.3267579203575184,193,5000
HS578T,blocks.0,assayed_exon,scalar_matched7,scalar_plus_signed,macro_exon,0.717962746468228,-1.200140964910828,2.499173965143028,191,5000
HS578T,blocks.0,assayed_exon,scalar_matched7,scalar_plus_signed,variant_weighted,1.263552758338733,-0.15156620233630977,2.85249754975166,191,5000
HS578T,blocks.0,assayed_exon,scalar_matched7,scalar_plus_REF,macro_exon,1.2627458810011587,-0.5047864085150556,2.9917706074868398,191,5000
HS578T,blocks.0,assayed_exon,scalar_matched7,scalar_plus_REF,variant_weighted,1.3009496741232862,0.32977257650925007,2.5790248441248385,191,5000
HS578T,blocks.0,assayed_exon,scalar_plus_REF,scalar_plus_signed,macro_exon,-0.5447831345329303,-1.8173209655169469,0.6529920276523739,191,5000
HS578T,blocks.0,assayed_exon,scalar_plus_REF,scalar_plus_signed,variant_weighted,-0.03739691578455335,-1.4424061742063323,0.9935387597380408,191,5000
MDA_MB_231,blocks.0,assayed_exon,scalar_matched7,scalar_plus_signed,macro_exon,0.7732426981581669,-1.2057500885148593,2.91042566201249,193,5000
MDA_MB_231,blocks.0,assayed_exon,scalar_matched7,scalar_plus_signed,variant_weighted,0.8964895964384975,-0.2930015429834547,2.351425166584899,193,5000
MDA_MB_231,blocks.0,assayed_exon,scalar_matched7,scalar_plus_REF,macro_exon,0.39118471407935074,-0.960070113068185,1.592228481991616,193,5000
MDA_MB_231,blocks.0,assayed_exon,scalar_matched7,scalar_plus_REF,variant_weighted,0.5310856355679481,-0.22878132195320702,1.3908770439382543,193,5000
MDA_MB_231,blocks.0,assayed_exon,scalar_plus_REF,scalar_plus_signed,macro_exon,0.3820579840788161,-0.6888727036047246,1.5902471470808786,193,5000
MDA_MB_231,blocks.0,assayed_exon,scalar_plus_REF,scalar_plus_signed,variant_weighted,0.3654039608705495,-0.5044511538403523,1.2794980064072101,193,5000
HS578T,blocks.7,assayed_exon,scalar_matched7,scalar_plus_signed,macro_exon,1.1033726428180757,0.16530051345203225,2.2297744922680502,191,5000
HS578T,blocks.7,assayed_exon,scalar_matched7,scalar_plus_signed,variant_weighted,1.015563438713991,0.22421076214593935,1.9019170199243811,191,5000
HS578T,blocks.7,assayed_exon,scalar_matched7,scalar_plus_REF,macro_exon,-0.13587342857162266,-0.9737879698791735,0.7091897436988532,191,5000
HS578T,blocks.7,assayed_exon,scalar_matched7,scalar_plus_REF,variant_weighted,0.32393128819960637,-0.6051462945733997,0.8747192189766057,191,5000
HS578T,blocks.7,assayed_exon,scalar_plus_REF,scalar_plus_signed,macro_exon,1.2392460713896984,0.291857603779368,2.284765325016359,191,5000
HS578T,blocks.7,assayed_exon,scalar_plus_REF,scalar_plus_signed,variant_weighted,0.6916321505143846,0.1252483934785665,1.7107677933013012,191,5000
MDA_MB_231,blocks.7,assayed_exon,scalar_matched7,scalar_plus_signed,macro_exon,0.43579737626451953,-0.4147422637047187,1.3436367981792678,193,5000
MDA_MB_231,blocks.7,assayed_exon,scalar_matched7,scalar_plus_signed,variant_weighted,0.19818670244014244,-0.3727467385596411,1.1202382191603442,193,5000
MDA_MB_231,blocks.7,assayed_exon,scalar_matched7,scalar_plus_REF,macro_exon,0.005653986228721634,-0.8646462469691835,0.9668614483175991,193,5000
MDA_MB_231,blocks.7,assayed_exon,scalar_matched7,scalar_plus_REF,variant_weighted,0.11904232349388119,-0.45790181239635547,0.7549054270156149,193,5000
MDA_MB_231,blocks.7,assayed_exon,scalar_plus_REF,scalar_plus_signed,macro_exon,0.4301433900357978,-0.38147224917994393,1.2497994587168748,193,5000
MDA_MB_231,blocks.7,assayed_exon,scalar_plus_REF,scalar_plus_signed,variant_weighted,0.07914437894626121,-0.3680264149666202,0.8522862929696591,193,5000
HS578T,blocks.14,assayed_exon,scalar_matched7,scalar_plus_signed,macro_exon,0.813129566438334,-0.022318429405337063,1.7093832228047678,191,5000
HS578T,blocks.14,assayed_exon,scalar_matched7,scalar_plus_signed,variant_weighted,0.5756437472559507,0.044473319516313614,1.4548647890390864,191,5000
HS578T,blocks.14,assayed_exon,scalar_matched7,scalar_plus_REF,macro_exon,0.5879996845492618,-0.1360681425383027,1.3389628050419105,191,5000
HS578T,blocks.14,assayed_exon,scalar_matched7,scalar_plus_REF,variant_weighted,1.3422938791340626,-0.06005004007395805,2.3302624960734564,191,5000
HS578T,blocks.14,assayed_exon,scalar_plus_REF,scalar_plus_signed,macro_exon,0.22512988188907193,-0.7721720201424844,1.387466322218905,191,5000
HS578T,blocks.14,assayed_exon,scalar_plus_REF,scalar_plus_signed,variant_weighted,-0.7666501318781117,-1.8874073980689734,1.110786527022828,191,5000
MDA_MB_231,blocks.14,assayed_exon,scalar_matched7,scalar_plus_signed,macro_exon,-0.234271992665556,-0.9435673563387037,0.46269914592027056,193,5000
MDA_MB_231,blocks.14,assayed_exon,scalar_matched7,scalar_plus_signed,variant_weighted,-0.5882739227838328,-1.162953460901268,0.3266206267730383,193,5000
MDA_MB_231,blocks.14,assayed_exon,scalar_matched7,scalar_plus_REF,macro_exon,0.17404565444404518,-0.48994554062351603,0.8071753718667869,193,5000
MDA_MB_231,blocks.14,assayed_exon,scalar_matched7,scalar_plus_REF,variant_weighted,0.6112194199530473,-0.37087005004095586,1.1405259462789321,193,5000
MDA_MB_231,blocks.14,assayed_exon,scalar_plus_REF,scalar_plus_signed,macro_exon,-0.4083176471096013,-1.2995605999281883,0.35425418728933256,193,5000
MDA_MB_231,blocks.14,assayed_exon,scalar_plus_REF,scalar_plus_signed,variant_weighted,-1.1994933427368801,-2.1228446087643786,0.1904747290536958,193,5000
HS578T,blocks.21,assayed_exon,scalar_matched7,scalar_plus_signed,macro_exon,0.29470242228636273,-0.37172149303585456,1.0217698571657243,191,5000
HS578T,blocks.21,assayed_exon,scalar_matched7,scalar_plus_signed,variant_weighted,0.07035520858278868,-0.36485740098883407,0.8074678290336288,191,5000
HS578T,blocks.21,assayed_exon,scalar_matched7,scalar_plus_REF,macro_exon,0.40978746985785114,-0.20002279853755325,1.0262528184419675,191,5000
HS578T,blocks.21,assayed_exon,scalar_matched7,scalar_plus_REF,variant_weighted,0.7498750253102751,-0.04330413196100845,1.2049970441113314,191,5000
HS578T,blocks.21,assayed_exon,scalar_plus_REF,scalar_plus_signed,macro_exon,-0.11508504757148845,-0.6918274763032466,0.48293020050393654,191,5000
HS578T,blocks.21,assayed_exon,scalar_plus_REF,scalar_plus_signed,variant_weighted,-0.6795198167274862,-1.2236324345385272,0.287634282777307,191,5000
MDA_MB_231,blocks.21,assayed_exon,scalar_matched7,scalar_plus_signed,macro_exon,-0.21053956794740222,-0.9074004176384353,0.47315972456080474,193,5000
MDA_MB_231,blocks.21,assayed_exon,scalar_matched7,scalar_plus_signed,variant_weighted,-0.6272674545710524,-1.2372236640194174,0.37227193701404304,193,5000
MDA_MB_231,blocks.21,assayed_exon,scalar_matched7,scalar_plus_REF,macro_exon,0.08444998401879279,-0.40391420509068565,0.6387308013744304,193,5000
MDA_MB_231,blocks.21,assayed_exon,scalar_matched7,scalar_plus_REF,variant_weighted,0.08477256488809441,-0.2771291719663341,0.43911661181505157,193,5000
MDA_MB_231,blocks.21,assayed_exon,scalar_plus_REF,scalar_plus_signed,macro_exon,-0.294989551966195,-1.067181229973825,0.3489044830121699,193,5000
MDA_MB_231,blocks.21,assayed_exon,scalar_plus_REF,scalar_plus_signed,variant_weighted,-0.712040019459147,-1.3478494169150008,0.27426537514680993,193,5000
HS578T,blocks.28,assayed_exon,scalar_matched7,scalar_plus_signed,macro_exon,0.5083863893463653,-0.6622005548953137,1.8873954535189126,191,5000
HS578T,blocks.28,assayed_exon,scalar_matched7,scalar_plus_signed,variant_weighted,0.9183331160579453,-0.7430078360111767,2.0715532282421183,191,5000
HS578T,blocks.28,assayed_exon,scalar_matched7,scalar_plus_REF,macro_exon,0.4548854188380114,-0.01547427777370067,0.881773136358143,191,5000
HS578T,blocks.28,assayed_exon,scalar_matched7,scalar_plus_REF,variant_weighted,0.3940793211797015,0.03576894314022156,0.9300483943533526,191,5000
HS578T,blocks.28,assayed_exon,scalar_plus_REF,scalar_plus_signed,macro_exon,0.05350097050835415,-1.148596585763304,1.3984163426406133,191,5000
HS578T,blocks.28,assayed_exon,scalar_plus_REF,scalar_plus_signed,variant_weighted,0.5242537948782438,-1.322890604994966,1.8755981752775346,191,5000
MDA_MB_231,blocks.28,assayed_exon,scalar_matched7,scalar_plus_signed,macro_exon,0.1464521461570286,-0.49190845163621216,0.8266189348895288,193,5000
MDA_MB_231,blocks.28,assayed_exon,scalar_matched7,scalar_plus_signed,variant_weighted,0.782125650399248,-0.4765678371762653,1.6106172877610068,193,5000
MDA_MB_231,blocks.28,assayed_exon,scalar_matched7,scalar_plus_REF,macro_exon,1.4130753716255844,-0.16815913262529017,3.282340108497599,193,5000
MDA_MB_231,blocks.28,assayed_exon,scalar_matched7,scalar_plus_REF,variant_weighted,1.4590472619549886,-0.19494231648267518,3.998520198561859,193,5000
MDA_MB_231,blocks.28,assayed_exon,scalar_plus_REF,scalar_plus_signed,macro_exon,-1.266623225468556,-3.180749803496007,0.285947301566248,193,5000
MDA_MB_231,blocks.28,assayed_exon,scalar_plus_REF,scalar_plus_signed,variant_weighted,-0.6769216115557407,-3.9850715814871513,1.397699768628854,193,5000
HS578T,norm,variant_pm20,scalar_matched7,scalar_plus_signed,macro_exon,1.1844173890109932,0.315376744149659,2.2249959373787784,191,5000
HS578T,norm,variant_pm20,scalar_matched7,scalar_plus_signed,variant_weighted,1.1714052861477287,0.4732979966859586,2.2476623266206612,191,5000
HS578T,norm,variant_pm20,scalar_matched7,scalar_plus_REF,macro_exon,1.0577020112309612,0.22101764915873012,1.9650232041113185,191,5000
HS578T,norm,variant_pm20,scalar_matched7,scalar_plus_REF,variant_weighted,0.6498934009478151,0.11157668614604574,1.617649901734879,191,5000
HS578T,norm,variant_pm20,scalar_plus_REF,scalar_plus_signed,macro_exon,0.12671537778003192,-1.1736874627477374,1.536212848157471,191,5000
HS578T,norm,variant_pm20,scalar_plus_REF,scalar_plus_signed,variant_weighted,0.5215118851999136,-0.7646542730716626,1.585339248422191,191,5000
MDA_MB_231,norm,variant_pm20,scalar_matched7,scalar_plus_signed,macro_exon,0.7448975306255083,-0.047227260182807616,1.7436628729352248,193,5000
MDA_MB_231,norm,variant_pm20,scalar_matched7,scalar_plus_signed,variant_weighted,0.8655808624173706,0.14350991905537355,1.7910380435236535,193,5000
MDA_MB_231,norm,variant_pm20,scalar_matched7,scalar_plus_REF,macro_exon,1.0941038769947784,0.2876111911759766,1.9618175160646634,193,5000
MDA_MB_231,norm,variant_pm20,scalar_matched7,scalar_plus_REF,variant_weighted,0.9589853572087675,0.33834045637293647,1.964080215941119,193,5000
MDA_MB_231,norm,variant_pm20,scalar_plus_REF,scalar_plus_signed,macro_exon,-0.3492063463692699,-1.2771346977270426,0.7748293808509094,193,5000
MDA_MB_231,norm,variant_pm20,scalar_plus_REF,scalar_plus_signed,variant_weighted,-0.0934044947913969,-1.1684270892355533,0.7860488598698088,193,5000
HS578T,norm,donor_pm20,scalar_matched7,scalar_plus_signed,macro_exon,1.7659674373860117,0.5558774039485409,3.3132913184362596,191,5000
HS578T,norm,donor_pm20,scalar_matched7,scalar_plus_signed,variant_weighted,1.7166142503731383,0.6908188235301436,2.6200733295502387,191,5000
HS578T,norm,donor_pm20,scalar_matched7,scalar_plus_REF,macro_exon,1.9494250190295848,0.7840779226915213,3.3090864819152035,191,5000
HS578T,norm,donor_pm20,scalar_matched7,scalar_plus_REF,variant_weighted,2.0091835644426044,1.0089879354529396,3.16783390964815,191,5000
HS578T,norm,donor_pm20,scalar_plus_REF,scalar_plus_signed,macro_exon,-0.18345758164357273,-1.1602590814372642,1.0407183631835357,191,5000
HS578T,norm,donor_pm20,scalar_plus_REF,scalar_plus_signed,variant_weighted,-0.29256931406946535,-1.139813855228853,0.3575419426358953,191,5000
MDA_MB_231,norm,donor_pm20,scalar_matched7,scalar_plus_signed,macro_exon,0.6899069008586461,-0.25266734841972727,1.9153290235799227,193,5000
MDA_MB_231,norm,donor_pm20,scalar_matched7,scalar_plus_signed,variant_weighted,0.619733732797622,-0.06468451784960083,1.2967283286835567,193,5000
MDA_MB_231,norm,donor_pm20,scalar_matched7,scalar_plus_REF,macro_exon,0.6280310385665303,-0.1850739099100578,1.6571740904913175,193,5000
MDA_MB_231,norm,donor_pm20,scalar_matched7,scalar_plus_REF,variant_weighted,0.8008177454915812,0.0898214241000372,1.6471897223649192,193,5000
MDA_MB_231,norm,donor_pm20,scalar_plus_REF,scalar_plus_signed,macro_exon,0.06187586229211606,-1.1478865949854462,1.571688765675465,193,5000
MDA_MB_231,norm,donor_pm20,scalar_plus_REF,scalar_plus_signed,variant_weighted,-0.18108401269395907,-1.0736672967942857,0.7060795877099196,193,5000
HS578T,norm,acceptor_pm20,scalar_matched7,scalar_plus_signed,macro_exon,1.053106828282073,0.09711307774856562,2.0726910153969205,191,5000
HS578T,norm,acceptor_pm20,scalar_matched7,scalar_plus_signed,variant_weighted,2.268423180176762,0.19681163710600488,3.7538418610021957,191,5000
HS578T,norm,acceptor_pm20,scalar_matched7,scalar_plus_REF,macro_exon,1.43478585076455,0.280686033541612,3.008260498621359,191,5000
HS578T,norm,acceptor_pm20,scalar_matched7,scalar_plus_REF,variant_weighted,1.1255216573943565,0.49051740237004465,2.0326863842500895,191,5000
HS578T,norm,acceptor_pm20,scalar_plus_REF,scalar_plus_signed,macro_exon,-0.3816790224824764,-1.8891361403411404,0.9804636980648014,191,5000
HS578T,norm,acceptor_pm20,scalar_plus_REF,scalar_plus_signed,variant_weighted,1.1429015227824049,-1.1693843947845366,2.6921553403276164,191,5000
MDA_MB_231,norm,acceptor_pm20,scalar_matched7,scalar_plus_signed,macro_exon,0.616400224621379,-0.469050026182405,1.8136107592867494,193,5000
MDA_MB_231,norm,acceptor_pm20,scalar_matched7,scalar_plus_signed,variant_weighted,1.9642238865401083,-0.44526503121619493,3.6664911287757294,193,5000
MDA_MB_231,norm,acceptor_pm20,scalar_matched7,scalar_plus_REF,macro_exon,1.4147717792815948,-0.1150308044348988,3.527800678873176,193,5000
MDA_MB_231,norm,acceptor_pm20,scalar_matched7,scalar_plus_REF,variant_weighted,0.7565618439146424,-0.13022484219686706,2.440041694875954,193,5000
MDA_MB_231,norm,acceptor_pm20,scalar_plus_REF,scalar_plus_signed,macro_exon,-0.7983715546602163,-2.884435908012148,0.9995502039946716,193,5000
MDA_MB_231,norm,acceptor_pm20,scalar_plus_REF,scalar_plus_signed,variant_weighted,1.2076620426254665,-2.0408741805154906,3.439920747272791,193,5000
HS578T,norm,whole_32k,scalar_matched7,scalar_plus_signed,macro_exon,0.5829292884810573,-0.6777271741492165,1.8594163573308142,191,5000
HS578T,norm,whole_32k,scalar_matched7,scalar_plus_signed,variant_weighted,1.5463724958645946,-0.8210730442656863,3.155830608530329,191,5000
HS578T,norm,whole_32k,scalar_matched7,scalar_plus_REF,macro_exon,0.6469532118136668,-0.14152438218228502,1.4065949202619243,191,5000
HS578T,norm,whole_32k,scalar_matched7,scalar_plus_REF,variant_weighted,0.5865916900335458,-0.03646963659573538,1.184538572586686,191,5000
HS578T,norm,whole_32k,scalar_plus_REF,scalar_plus_signed,macro_exon,-0.06402392333260938,-1.1609918614973445,1.0231311575872222,191,5000
HS578T,norm,whole_32k,scalar_plus_REF,scalar_plus_signed,variant_weighted,0.959780805831049,-1.185107846142314,2.420130185717417,191,5000
MDA_MB_231,norm,whole_32k,scalar_matched7,scalar_plus_signed,macro_exon,1.1558373342043944,0.05601742750138803,2.338700359254948,193,5000
MDA_MB_231,norm,whole_32k,scalar_matched7,scalar_plus_signed,variant_weighted,2.4471585517626373,0.09254688803776144,4.1267757923449295,193,5000
MDA_MB_231,norm,whole_32k,scalar_matched7,scalar_plus_REF,macro_exon,0.41291899662473197,-0.2878308342457262,1.2302219748220737,193,5000
MDA_MB_231,norm,whole_32k,scalar_matched7,scalar_plus_REF,variant_weighted,0.4711044415613476,-0.1888583823011118,1.1112790322286423,193,5000
MDA_MB_231,norm,whole_32k,scalar_plus_REF,scalar_plus_signed,macro_exon,0.7429183375796624,-0.04510315714890139,1.6820593898011498,193,5000
MDA_MB_231,norm,whole_32k,scalar_plus_REF,scalar_plus_signed,variant_weighted,1.9760541102012894,0.06568448913373318,3.48428054905143,193,5000
